Tarih,TP_DK_USD_S_YTL
2015-01-01,
2015-01-02,2.3311
2015-01-03,
2015-01-04,
2015-01-05,2.3491
2015-01-06,2.3453
2015-01-07,2.3319
2015-01-08,2.3297
2015-01-09,2.3118
2015-01-10,
2015-01-11,
2015-01-12,2.3047
2015-01-13,2.2932
2015-01-14,2.2819
2015-01-15,2.2968
2015-01-16,2.2844
2015-01-17,
2015-01-18,
2015-01-19,2.3125
2015-01-20,2.3424
2015-01-21,2.34
2015-01-22,2.3435
2015-01-23,2.3507
2015-01-24,
2015-01-25,
2015-01-26,2.3379
2015-01-27,2.3639
2015-01-28,2.3604
2015-01-29,2.3664
2015-01-30,2.4057
2015-01-31,
2015-02-01,
2015-02-02,2.4219
2015-02-03,2.428
2015-02-04,2.4194
2015-02-05,2.4141
2015-02-06,2.4485
2015-02-07,
2015-02-08,
2015-02-09,2.4386
2015-02-10,2.4901
2015-02-11,2.4841
2015-02-12,2.4941
2015-02-13,2.493
2015-02-14,
2015-02-15,
2015-02-16,2.4722
2015-02-17,2.4569
2015-02-18,2.4526
2015-02-19,2.4656
2015-02-20,2.4462
2015-02-21,
2015-02-22,
2015-02-23,2.4575
2015-02-24,2.4817
2015-02-25,2.481
2015-02-26,2.4642
2015-02-27,2.4831
2015-02-28,
2015-03-01,
2015-03-02,2.5123
2015-03-03,2.5165
2015-03-04,2.5232
2015-03-05,2.5455
2015-03-06,2.5862
2015-03-07,
2015-03-08,
2015-03-09,2.6027
2015-03-10,2.6094
2015-03-11,2.6318
2015-03-12,2.6238
2015-03-13,2.5936
2015-03-14,
2015-03-15,
2015-03-16,2.6177
2015-03-17,2.6255
2015-03-18,2.6197
2015-03-19,2.6225
2015-03-20,2.5972
2015-03-21,
2015-03-22,
2015-03-23,2.5985
2015-03-24,2.5745
2015-03-25,2.5551
2015-03-26,2.5601
2015-03-27,2.6009
2015-03-28,
2015-03-29,
2015-03-30,2.6154
2015-03-31,2.6149
2015-04-01,2.6181
2015-04-02,2.6055
2015-04-03,2.5985
2015-04-04,
2015-04-05,
2015-04-06,2.5952
2015-04-07,2.572
2015-04-08,2.5835
2015-04-09,2.5924
2015-04-10,2.5988
2015-04-11,
2015-04-12,
2015-04-13,2.6291
2015-04-14,2.6511
2015-04-15,2.6773
2015-04-16,2.7014
2015-04-17,2.7018
2015-04-18,
2015-04-19,
2015-04-20,2.6869
2015-04-21,2.6956
2015-04-22,2.704
2015-04-23,
2015-04-24,2.6928
2015-04-25,
2015-04-26,
2015-04-27,2.7269
2015-04-28,2.7293
2015-04-29,2.6821
2015-04-30,2.6692
2015-05-01,
2015-05-02,
2015-05-03,
2015-05-04,2.6607
2015-05-05,2.7158
2015-05-06,2.7144
2015-05-07,2.7121
2015-05-08,2.7049
2015-05-09,
2015-05-10,
2015-05-11,2.6908
2015-05-12,2.6998
2015-05-13,2.6938
2015-05-14,2.6579
2015-05-15,2.62
2015-05-16,
2015-05-17,
2015-05-18,2.5918
2015-05-19,
2015-05-20,2.5828
2015-05-21,2.6065
2015-05-22,2.5715
2015-05-23,
2015-05-24,
2015-05-25,2.5959
2015-05-26,2.611
2015-05-27,2.6325
2015-05-28,2.647
2015-05-29,2.6581
2015-05-30,
2015-05-31,
2015-06-01,2.6635
2015-06-02,2.6811
2015-06-03,2.683
2015-06-04,2.6861
2015-06-05,2.6979
2015-06-06,
2015-06-07,
2015-06-08,2.6684
2015-06-09,2.7744
2015-06-10,2.7526
2015-06-11,2.7405
2015-06-12,2.7437
2015-06-13,
2015-06-14,
2015-06-15,2.7183
2015-06-16,2.7373
2015-06-17,2.7457
2015-06-18,2.7393
2015-06-19,2.717
2015-06-20,
2015-06-21,
2015-06-22,2.7193
2015-06-23,2.6835
2015-06-24,2.6758
2015-06-25,2.6818
2015-06-26,2.6686
2015-06-27,
2015-06-28,
2015-06-29,2.6635
2015-06-30,2.6911
2015-07-01,2.6898
2015-07-02,2.6801
2015-07-03,2.7041
2015-07-04,
2015-07-05,
2015-07-06,2.6924
2015-07-07,2.6948
2015-07-08,2.684
2015-07-09,2.6942
2015-07-10,2.6799
2015-07-11,
2015-07-12,
2015-07-13,2.6655
2015-07-14,2.6604
2015-07-15,2.6411
2015-07-16,2.6423
2015-07-17,
2015-07-18,
2015-07-19,
2015-07-20,2.6423
2015-07-21,2.6805
2015-07-22,2.6917
2015-07-23,2.7089
2015-07-24,2.7243
2015-07-25,
2015-07-26,
2015-07-27,2.7421
2015-07-28,2.7617
2015-07-29,2.76
2015-07-30,2.7684
2015-07-31,2.7795
2015-08-01,
2015-08-02,
2015-08-03,2.7889
2015-08-04,2.7786
2015-08-05,2.7738
2015-08-06,2.7897
2015-08-07,2.788
2015-08-08,
2015-08-09,
2015-08-10,2.784
2015-08-11,2.791
2015-08-12,2.7723
2015-08-13,2.7825
2015-08-14,2.788
2015-08-15,
2015-08-16,
2015-08-17,2.8367
2015-08-18,2.8535
2015-08-19,2.8782
2015-08-20,2.9061
2015-08-21,2.973
2015-08-22,
2015-08-23,
2015-08-24,2.9209
2015-08-25,2.953
2015-08-26,2.931
2015-08-27,2.94
2015-08-28,2.9152
2015-08-29,
2015-08-30,
2015-08-31,2.9199
2015-09-01,2.9231
2015-09-02,2.92
2015-09-03,2.9453
2015-09-04,2.9614
2015-09-05,
2015-09-06,
2015-09-07,2.9828
2015-09-08,3.034
2015-09-09,3.0199
2015-09-10,3.0094
2015-09-11,3.0457
2015-09-12,
2015-09-13,
2015-09-14,3.0396
2015-09-15,3.0654
2015-09-16,3.0489
2015-09-17,3.0173
2015-09-18,3.0197
2015-09-19,
2015-09-20,
2015-09-21,3.0015
2015-09-22,3.0032
2015-09-23,3.0123
2015-09-24,
2015-09-25,
2015-09-26,
2015-09-27,
2015-09-28,3.0123
2015-09-29,3.0518
2015-09-30,3.0488
2015-10-01,3.0306
2015-10-02,3.0228
2015-10-03,
2015-10-04,
2015-10-05,3.0291
2015-10-06,2.9978
2015-10-07,2.9933
2015-10-08,2.9433
2015-10-09,2.941
2015-10-10,
2015-10-11,
2015-10-12,2.9013
2015-10-13,2.9286
2015-10-14,2.9474
2015-10-15,2.9469
2015-10-16,2.8892
2015-10-17,
2015-10-18,
2015-10-19,2.8978
2015-10-20,2.8933
2015-10-21,2.9006
2015-10-22,2.9079
2015-10-23,2.8942
2015-10-24,
2015-10-25,
2015-10-26,2.8718
2015-10-27,2.8961
2015-10-28,2.8995
2015-10-29,
2015-10-30,2.8995
2015-10-31,
2015-11-01,
2015-11-02,2.9202
2015-11-03,2.8085
2015-11-04,2.8336
2015-11-05,2.8413
2015-11-06,2.8731
2015-11-07,
2015-11-08,
2015-11-09,2.8776
2015-11-10,2.9244
2015-11-11,2.9157
2015-11-12,2.8963
2015-11-13,2.882
2015-11-14,
2015-11-15,
2015-11-16,2.8738
2015-11-17,2.8827
2015-11-18,2.8771
2015-11-19,2.87
2015-11-20,2.8543
2015-11-21,
2015-11-22,
2015-11-23,2.8354
2015-11-24,2.8484
2015-11-25,2.8741
2015-11-26,2.8865
2015-11-27,2.9061
2015-11-28,
2015-11-29,
2015-11-30,2.9248
2015-12-01,2.9161
2015-12-02,2.8975
2015-12-03,2.8823
2015-12-04,2.8866
2015-12-05,
2015-12-06,
2015-12-07,2.8973
2015-12-08,2.8949
2015-12-09,2.9175
2015-12-10,2.9159
2015-12-11,2.9151
2015-12-12,
2015-12-13,
2015-12-14,2.9509
2015-12-15,2.972
2015-12-16,2.9755
2015-12-17,2.9684
2015-12-18,2.9364
2015-12-19,
2015-12-20,
2015-12-21,2.9282
2015-12-22,2.9121
2015-12-23,2.93
2015-12-24,2.9314
2015-12-25,2.924
2015-12-26,
2015-12-27,
2015-12-28,2.9175
2015-12-29,2.9209
2015-12-30,2.9137
2015-12-31,2.9128
2016-01-01,
2016-01-02,
2016-01-03,
2016-01-04,2.9233
2016-01-05,2.9475
2016-01-06,2.9803
2016-01-07,3.0094
2016-01-08,3.0221
2016-01-09,
2016-01-10,
2016-01-11,2.993
2016-01-12,3.0243
2016-01-13,3.0377
2016-01-14,3.0193
2016-01-15,3.0328
2016-01-16,
2016-01-17,
2016-01-18,3.0416
2016-01-19,3.0422
2016-01-20,3.0297
2016-01-21,3.0551
2016-01-22,3.0441
2016-01-23,
2016-01-24,
2016-01-25,3.0161
2016-01-26,3.0151
2016-01-27,3.0263
2016-01-28,3.0032
2016-01-29,2.9842
2016-01-30,
2016-01-31,
2016-02-01,2.9662
2016-02-02,2.9725
2016-02-03,2.9577
2016-02-04,2.9531
2016-02-05,2.9096
2016-02-06,
2016-02-07,
2016-02-08,2.9104
2016-02-09,2.9348
2016-02-10,2.9524
2016-02-11,2.9292
2016-02-12,2.934
2016-02-13,
2016-02-14,
2016-02-15,2.9281
2016-02-16,2.9494
2016-02-17,2.957
2016-02-18,2.9693
2016-02-19,2.9659
2016-02-20,
2016-02-21,
2016-02-22,2.9711
2016-02-23,2.9502
2016-02-24,2.941
2016-02-25,2.9439
2016-02-26,2.9348
2016-02-27,
2016-02-28,
2016-02-29,2.9345
2016-03-01,2.9665
2016-03-02,2.9504
2016-03-03,2.9425
2016-03-04,2.9267
2016-03-05,
2016-03-06,
2016-03-07,2.9199
2016-03-08,2.9253
2016-03-09,2.9254
2016-03-10,2.9133
2016-03-11,2.8927
2016-03-12,
2016-03-13,
2016-03-14,2.8786
2016-03-15,2.8848
2016-03-16,2.8904
2016-03-17,2.9137
2016-03-18,2.8609
2016-03-19,
2016-03-20,
2016-03-21,2.8605
2016-03-22,2.8747
2016-03-23,2.8775
2016-03-24,2.8745
2016-03-25,2.8841
2016-03-26,
2016-03-27,
2016-03-28,2.8757
2016-03-29,2.8784
2016-03-30,2.8747
2016-03-31,2.8385
2016-04-01,2.83
2016-04-02,
2016-04-03,
2016-04-04,2.8248
2016-04-05,2.824
2016-04-06,2.8328
2016-04-07,2.8463
2016-04-08,2.8479
2016-04-09,
2016-04-10,
2016-04-11,2.862
2016-04-12,2.8389
2016-04-13,2.8321
2016-04-14,2.8534
2016-04-15,2.8642
2016-04-16,
2016-04-17,
2016-04-18,2.8597
2016-04-19,2.857
2016-04-20,2.838
2016-04-21,2.8327
2016-04-22,2.826
2016-04-23,
2016-04-24,
2016-04-25,2.8338
2016-04-26,2.8509
2016-04-27,2.8397
2016-04-28,2.8226
2016-04-29,2.82
2016-04-30,
2016-05-01,
2016-05-02,2.8064
2016-05-03,2.7978
2016-05-04,2.8116
2016-05-05,2.8642
2016-05-06,2.9254
2016-05-07,
2016-05-08,
2016-05-09,2.9249
2016-05-10,2.9281
2016-05-11,2.9433
2016-05-12,2.9676
2016-05-13,2.9542
2016-05-14,
2016-05-15,
2016-05-16,2.964
2016-05-17,2.9765
2016-05-18,2.9698
2016-05-19,
2016-05-20,2.983
2016-05-21,
2016-05-22,
2016-05-23,2.9821
2016-05-24,2.988
2016-05-25,2.9875
2016-05-26,2.9479
2016-05-27,2.9402
2016-05-28,
2016-05-29,
2016-05-30,2.9452
2016-05-31,2.9613
2016-06-01,2.9568
2016-06-02,2.9543
2016-06-03,2.9446
2016-06-04,
2016-06-05,
2016-06-06,2.9515
2016-06-07,2.9132
2016-06-08,2.903
2016-06-09,2.8946
2016-06-10,2.8993
2016-06-11,
2016-06-12,
2016-06-13,2.9152
2016-06-14,2.9271
2016-06-15,2.9357
2016-06-16,2.9322
2016-06-17,2.9349
2016-06-18,
2016-06-19,
2016-06-20,2.9353
2016-06-21,2.9037
2016-06-22,2.9015
2016-06-23,2.9107
2016-06-24,2.8851
2016-06-25,
2016-06-26,
2016-06-27,2.9318
2016-06-28,2.9417
2016-06-29,2.9182
2016-06-30,2.8988
2016-07-01,2.89
2016-07-02,
2016-07-03,
2016-07-04,2.8898
2016-07-05,
2016-07-06,
2016-07-07,
2016-07-08,2.8898
2016-07-09,
2016-07-10,
2016-07-11,2.9266
2016-07-12,2.9033
2016-07-13,2.8937
2016-07-14,2.8999
2016-07-15,2.8965
2016-07-16,
2016-07-17,
2016-07-18,2.8886
2016-07-19,2.9539
2016-07-20,2.982
2016-07-21,3.0336
2016-07-22,3.0783
2016-07-23,
2016-07-24,
2016-07-25,3.0628
2016-07-26,3.0371
2016-07-27,3.0407
2016-07-28,3.0431
2016-07-29,3.0221
2016-07-30,
2016-07-31,
2016-08-01,3.018
2016-08-02,2.985
2016-08-03,2.998
2016-08-04,3.0129
2016-08-05,3.0267
2016-08-06,
2016-08-07,
2016-08-08,3.005
2016-08-09,2.9899
2016-08-10,2.9835
2016-08-11,2.9606
2016-08-12,2.9675
2016-08-13,
2016-08-14,
2016-08-15,2.9611
2016-08-16,2.9563
2016-08-17,2.935
2016-08-18,2.9392
2016-08-19,2.9283
2016-08-20,
2016-08-21,
2016-08-22,2.9408
2016-08-23,2.9497
2016-08-24,2.9412
2016-08-25,2.9587
2016-08-26,2.9443
2016-08-27,
2016-08-28,
2016-08-29,2.9389
2016-08-30,
2016-08-31,2.9598
2016-09-01,2.9597
2016-09-02,2.9611
2016-09-03,
2016-09-04,
2016-09-05,2.9639
2016-09-06,2.9494
2016-09-07,2.9442
2016-09-08,2.9339
2016-09-09,2.9397
2016-09-10,
2016-09-11,
2016-09-12,
2016-09-13,
2016-09-14,
2016-09-15,
2016-09-16,2.9605
2016-09-17,
2016-09-18,
2016-09-19,2.9731
2016-09-20,2.9793
2016-09-21,2.9794
2016-09-22,2.9792
2016-09-23,2.9521
2016-09-24,
2016-09-25,
2016-09-26,2.9527
2016-09-27,2.99
2016-09-28,2.9763
2016-09-29,2.9818
2016-09-30,3.0013
2016-10-01,
2016-10-02,
2016-10-03,3.0058
2016-10-04,3.009
2016-10-05,3.0348
2016-10-06,3.0592
2016-10-07,3.0561
2016-10-08,
2016-10-09,
2016-10-10,3.056
2016-10-11,3.064
2016-10-12,3.0864
2016-10-13,3.0861
2016-10-14,3.1023
2016-10-15,
2016-10-16,
2016-10-17,3.0922
2016-10-18,3.1013
2016-10-19,3.0984
2016-10-20,3.0841
2016-10-21,3.0731
2016-10-22,
2016-10-23,
2016-10-24,3.0791
2016-10-25,3.078
2016-10-26,3.0835
2016-10-27,3.0831
2016-10-28,3.1054
2016-10-29,
2016-10-30,
2016-10-31,3.1054
2016-11-01,3.108
2016-11-02,3.1037
2016-11-03,3.1173
2016-11-04,3.1181
2016-11-05,
2016-11-06,
2016-11-07,3.1405
2016-11-08,3.1589
2016-11-09,3.1793
2016-11-10,3.1922
2016-11-11,3.2105
2016-11-12,
2016-11-13,
2016-11-14,3.2646
2016-11-15,3.2846
2016-11-16,3.2772
2016-11-17,3.3115
2016-11-18,3.3164
2016-11-19,
2016-11-20,
2016-11-21,3.3896
2016-11-22,3.3803
2016-11-23,3.3644
2016-11-24,3.3885
2016-11-25,3.4108
2016-11-26,
2016-11-27,
2016-11-28,3.4465
2016-11-29,3.4241
2016-11-30,3.4261
2016-12-01,3.4236
2016-12-02,3.4546
2016-12-03,
2016-12-04,
2016-12-05,3.513
2016-12-06,3.5408
2016-12-07,3.5165
2016-12-08,3.4369
2016-12-09,3.373
2016-12-10,
2016-12-11,
2016-12-12,3.4586
2016-12-13,3.5236
2016-12-14,3.4784
2016-12-15,3.4848
2016-12-16,3.522
2016-12-17,
2016-12-18,
2016-12-19,3.5003
2016-12-20,3.501
2016-12-21,3.518
2016-12-22,3.5163
2016-12-23,3.5118
2016-12-24,
2016-12-25,
2016-12-26,3.514
2016-12-27,3.5104
2016-12-28,3.5198
2016-12-29,3.5393
2016-12-30,3.5382
2016-12-31,
2017-01-01,
2017-01-02,3.5255
2017-01-03,3.5402
2017-01-04,3.5802
2017-01-05,3.5829
2017-01-06,3.5999
2017-01-07,
2017-01-08,
2017-01-09,3.6199
2017-01-10,3.7087
2017-01-11,3.7688
2017-01-12,3.8571
2017-01-13,3.8499
2017-01-14,
2017-01-15,
2017-01-16,3.8062
2017-01-17,3.7684
2017-01-18,3.7894
2017-01-19,3.784
2017-01-20,3.8009
2017-01-21,
2017-01-22,
2017-01-23,3.8244
2017-01-24,3.7746
2017-01-25,3.759
2017-01-26,3.8102
2017-01-27,3.8412
2017-01-28,
2017-01-29,
2017-01-30,3.8848
2017-01-31,3.8393
2017-02-01,3.7942
2017-02-02,3.7814
2017-02-03,3.7404
2017-02-04,
2017-02-05,
2017-02-06,3.7489
2017-02-07,3.6851
2017-02-08,3.7162
2017-02-09,3.7478
2017-02-10,3.7114
2017-02-11,
2017-02-12,
2017-02-13,3.6815
2017-02-14,3.6935
2017-02-15,3.656
2017-02-16,3.6528
2017-02-17,3.677
2017-02-18,
2017-02-19,
2017-02-20,3.6728
2017-02-21,3.6277
2017-02-22,3.6251
2017-02-23,3.6169
2017-02-24,3.5811
2017-02-25,
2017-02-26,
2017-02-27,3.5753
2017-02-28,3.5946
2017-03-01,3.6143
2017-03-02,3.6378
2017-03-03,3.6882
2017-03-04,
2017-03-05,
2017-03-06,3.7282
2017-03-07,3.7181
2017-03-08,3.6908
2017-03-09,3.7097
2017-03-10,3.7589
2017-03-11,
2017-03-12,
2017-03-13,3.7532
2017-03-14,3.7462
2017-03-15,3.7526
2017-03-16,3.7356
2017-03-17,3.678
2017-03-18,
2017-03-19,
2017-03-20,3.6123
2017-03-21,3.6326
2017-03-22,3.617
2017-03-23,3.6322
2017-03-24,3.6199
2017-03-25,
2017-03-26,
2017-03-27,3.625
2017-03-28,3.5996
2017-03-29,3.6251
2017-03-30,3.6481
2017-03-31,3.6452
2017-04-01,
2017-04-02,
2017-04-03,3.6427
2017-04-04,3.6441
2017-04-05,3.6496
2017-04-06,3.6834
2017-04-07,3.7148
2017-04-08,
2017-04-09,
2017-04-10,3.7275
2017-04-11,3.733
2017-04-12,3.722
2017-04-13,3.6825
2017-04-14,3.6631
2017-04-15,
2017-04-16,
2017-04-17,3.6867
2017-04-18,3.6646
2017-04-19,3.6904
2017-04-20,3.6689
2017-04-21,3.6445
2017-04-22,
2017-04-23,
2017-04-24,3.6457
2017-04-25,3.599
2017-04-26,3.5893
2017-04-27,3.5915
2017-04-28,3.5647
2017-04-29,
2017-04-30,
2017-05-01,
2017-05-02,3.5568
2017-05-03,3.5411
2017-05-04,3.538
2017-05-05,3.5492
2017-05-06,
2017-05-07,
2017-05-08,3.566
2017-05-09,3.554
2017-05-10,3.5993
2017-05-11,3.6048
2017-05-12,3.5801
2017-05-13,
2017-05-14,
2017-05-15,3.5925
2017-05-16,3.5625
2017-05-17,3.5519
2017-05-18,3.5611
2017-05-19,
2017-05-20,
2017-05-21,
2017-05-22,3.6193
2017-05-23,3.5676
2017-05-24,3.572
2017-05-25,3.5709
2017-05-26,3.565
2017-05-27,
2017-05-28,
2017-05-29,3.5715
2017-05-30,3.5814
2017-05-31,3.5707
2017-06-01,3.5398
2017-06-02,3.5376
2017-06-03,
2017-06-04,
2017-06-05,3.5344
2017-06-06,3.5123
2017-06-07,3.538
2017-06-08,3.5236
2017-06-09,3.5476
2017-06-10,
2017-06-11,
2017-06-12,3.5281
2017-06-13,3.5254
2017-06-14,3.5232
2017-06-15,3.5199
2017-06-16,3.5093
2017-06-17,
2017-06-18,
2017-06-19,3.5187
2017-06-20,3.5083
2017-06-21,3.5278
2017-06-22,3.5413
2017-06-23,3.5243
2017-06-24,
2017-06-25,
2017-06-26,
2017-06-27,
2017-06-28,3.5063
2017-06-29,3.5274
2017-06-30,3.5135
2017-07-01,
2017-07-02,
2017-07-03,3.5232
2017-07-04,3.5369
2017-07-05,3.5555
2017-07-06,3.5853
2017-07-07,3.6288
2017-07-08,
2017-07-09,
2017-07-10,3.6365
2017-07-11,3.6105
2017-07-12,3.6375
2017-07-13,3.6091
2017-07-14,3.5721
2017-07-15,
2017-07-16,
2017-07-17,3.5671
2017-07-18,3.5437
2017-07-19,3.5331
2017-07-20,3.5328
2017-07-21,3.5368
2017-07-22,
2017-07-23,
2017-07-24,3.536
2017-07-25,3.5508
2017-07-26,3.5642
2017-07-27,3.5638
2017-07-28,3.5326
2017-07-29,
2017-07-30,
2017-07-31,3.5356
2017-08-01,3.529
2017-08-02,3.5233
2017-08-03,3.5355
2017-08-04,3.5439
2017-08-05,
2017-08-06,
2017-08-07,3.535
2017-08-08,3.5359
2017-08-09,3.5338
2017-08-10,3.5448
2017-08-11,3.5407
2017-08-12,
2017-08-13,
2017-08-14,3.5499
2017-08-15,3.5316
2017-08-16,3.5338
2017-08-17,3.5352
2017-08-18,3.5241
2017-08-19,
2017-08-20,
2017-08-21,3.5276
2017-08-22,3.5172
2017-08-23,3.5036
2017-08-24,3.5019
2017-08-25,3.4844
2017-08-26,
2017-08-27,
2017-08-28,3.4844
2017-08-29,3.4508
2017-08-30,
2017-08-31,3.4472
2017-09-01,
2017-09-02,
2017-09-03,
2017-09-04,
2017-09-05,3.4472
2017-09-06,3.4454
2017-09-07,3.446
2017-09-08,3.4266
2017-09-09,
2017-09-10,
2017-09-11,3.4123
2017-09-12,3.4026
2017-09-13,3.4326
2017-09-14,3.4402
2017-09-15,3.4606
2017-09-16,
2017-09-17,
2017-09-18,3.4384
2017-09-19,3.4598
2017-09-20,3.4963
2017-09-21,3.482
2017-09-22,3.5153
2017-09-23,
2017-09-24,
2017-09-25,3.4925
2017-09-26,3.5225
2017-09-27,3.5408
2017-09-28,3.5721
2017-09-29,3.5784
2017-09-30,
2017-10-01,
2017-10-02,3.5585
2017-10-03,3.5822
2017-10-04,3.5845
2017-10-05,3.5699
2017-10-06,3.5749
2017-10-07,
2017-10-08,
2017-10-09,3.6106
2017-10-10,3.7026
2017-10-11,3.6877
2017-10-12,3.6819
2017-10-13,3.6514
2017-10-14,
2017-10-15,
2017-10-16,3.6544
2017-10-17,3.6467
2017-10-18,3.6612
2017-10-19,3.6815
2017-10-20,3.6666
2017-10-21,
2017-10-22,
2017-10-23,3.6661
2017-10-24,3.7051
2017-10-25,3.7178
2017-10-26,3.7376
2017-10-27,3.7729
2017-10-28,
2017-10-29,
2017-10-30,3.8243
2017-10-31,3.7768
2017-11-01,3.7822
2017-11-02,3.8149
2017-11-03,3.8141
2017-11-04,
2017-11-05,
2017-11-06,3.8272
2017-11-07,3.866
2017-11-08,3.8602
2017-11-09,3.8885
2017-11-10,3.8604
2017-11-11,
2017-11-12,
2017-11-13,3.8713
2017-11-14,3.8728
2017-11-15,3.8734
2017-11-16,3.8906
2017-11-17,3.8753
2017-11-18,
2017-11-19,
2017-11-20,3.8862
2017-11-21,3.8942
2017-11-22,3.9596
2017-11-23,3.9665
2017-11-24,3.9241
2017-11-25,
2017-11-26,
2017-11-27,3.9436
2017-11-28,3.9356
2017-11-29,3.9285
2017-11-30,3.9576
2017-12-01,3.9461
2017-12-02,
2017-12-03,
2017-12-04,3.9395
2017-12-05,3.9261
2017-12-06,3.8693
2017-12-07,3.8597
2017-12-08,3.8677
2017-12-09,
2017-12-10,
2017-12-11,3.8616
2017-12-12,3.8344
2017-12-13,3.8346
2017-12-14,3.8459
2017-12-15,3.8392
2017-12-16,
2017-12-17,
2017-12-18,3.866
2017-12-19,3.8576
2017-12-20,3.8418
2017-12-21,3.8411
2017-12-22,3.8292
2017-12-23,
2017-12-24,
2017-12-25,3.8182
2017-12-26,3.8156
2017-12-27,3.8097
2017-12-28,3.8265
2017-12-29,3.8173
2017-12-30,
2017-12-31,
2018-01-01,
2018-01-02,3.7787
2018-01-03,3.7719
2018-01-04,3.7685
2018-01-05,3.7668
2018-01-06,
2018-01-07,
2018-01-08,3.7523
2018-01-09,3.7521
2018-01-10,3.7621
2018-01-11,3.7912
2018-01-12,3.7988
2018-01-13,
2018-01-14,
2018-01-15,3.769
2018-01-16,3.7661
2018-01-17,3.8219
2018-01-18,3.8212
2018-01-19,3.8036
2018-01-20,
2018-01-21,
2018-01-22,3.7845
2018-01-23,3.8167
2018-01-24,3.7942
2018-01-25,3.7625
2018-01-26,3.7489
2018-01-27,
2018-01-28,
2018-01-29,3.7438
2018-01-30,3.7796
2018-01-31,3.7863
2018-02-01,3.7608
2018-02-02,3.7635
2018-02-03,
2018-02-04,
2018-02-05,3.7521
2018-02-06,3.77
2018-02-07,3.7854
2018-02-08,3.7782
2018-02-09,3.8142
2018-02-10,
2018-02-11,
2018-02-12,3.8188
2018-02-13,3.8137
2018-02-14,3.8031
2018-02-15,3.8041
2018-02-16,3.7789
2018-02-17,
2018-02-18,
2018-02-19,3.7591
2018-02-20,3.7599
2018-02-21,3.7766
2018-02-22,3.7913
2018-02-23,3.8062
2018-02-24,
2018-02-25,
2018-02-26,3.7884
2018-02-27,3.7822
2018-02-28,3.7901
2018-03-01,3.8065
2018-03-02,3.815
2018-03-03,
2018-03-04,
2018-03-05,3.8106
2018-03-06,3.823
2018-03-07,3.8069
2018-03-08,3.8039
2018-03-09,3.8157
2018-03-10,
2018-03-11,
2018-03-12,3.8233
2018-03-13,3.8219
2018-03-14,3.8629
2018-03-15,3.8667
2018-03-16,3.8945
2018-03-17,
2018-03-18,
2018-03-19,3.911
2018-03-20,3.9433
2018-03-21,3.9427
2018-03-22,3.9347
2018-03-23,3.9157
2018-03-24,
2018-03-25,
2018-03-26,3.9679
2018-03-27,3.9814
2018-03-28,3.9829
2018-03-29,4.0002
2018-03-30,4.0021
2018-03-31,
2018-04-01,
2018-04-02,3.956
2018-04-03,3.9648
2018-04-04,3.9832
2018-04-05,4.0148
2018-04-06,4.0342
2018-04-07,
2018-04-08,
2018-04-09,4.06
2018-04-10,4.0634
2018-04-11,4.078
2018-04-12,4.1528
2018-04-13,4.1358
2018-04-14,
2018-04-15,
2018-04-16,4.0859
2018-04-17,4.1034
2018-04-18,4.1054
2018-04-19,4.1038
2018-04-20,4.0345
2018-04-21,
2018-04-22,
2018-04-23,
2018-04-24,4.0405
2018-04-25,4.0922
2018-04-26,4.0832
2018-04-27,4.0742
2018-04-28,
2018-04-29,
2018-04-30,4.0608
2018-05-01,
2018-05-02,4.0472
2018-05-03,4.1282
2018-05-04,4.1984
2018-05-05,
2018-05-06,
2018-05-07,4.2626
2018-05-08,4.2635
2018-05-09,4.2894
2018-05-10,4.2955
2018-05-11,4.2743
2018-05-12,
2018-05-13,
2018-05-14,4.2648
2018-05-15,4.3278
2018-05-16,4.4024
2018-05-17,4.4662
2018-05-18,4.4482
2018-05-19,
2018-05-20,
2018-05-21,4.4732
2018-05-22,4.5616
2018-05-23,4.5863
2018-05-24,4.8551
2018-05-25,4.7112
2018-05-26,
2018-05-27,
2018-05-28,4.7292
2018-05-29,4.6048
2018-05-30,4.6045
2018-05-31,4.4914
2018-06-01,4.4889
2018-06-02,
2018-06-03,
2018-06-04,4.6005
2018-06-05,4.6367
2018-06-06,4.6156
2018-06-07,4.6178
2018-06-08,4.5571
2018-06-09,
2018-06-10,
2018-06-11,4.5105
2018-06-12,4.5217
2018-06-13,4.5573
2018-06-14,4.6568
2018-06-15,
2018-06-16,
2018-06-17,
2018-06-18,4.6568
2018-06-19,4.7236
2018-06-20,4.763
2018-06-21,4.7573
2018-06-22,4.7609
2018-06-23,
2018-06-24,
2018-06-25,4.7162
2018-06-26,4.648
2018-06-27,4.6824
2018-06-28,4.6433
2018-06-29,4.6166
2018-06-30,
2018-07-01,
2018-07-02,4.569
2018-07-03,4.6308
2018-07-04,4.6644
2018-07-05,4.7071
2018-07-06,4.651
2018-07-07,
2018-07-08,
2018-07-09,4.6087
2018-07-10,4.5385
2018-07-11,4.7134
2018-07-12,4.7574
2018-07-13,4.8263
2018-07-14,
2018-07-15,
2018-07-16,4.8507
2018-07-17,4.8444
2018-07-18,4.8452
2018-07-19,4.7994
2018-07-20,4.8317
2018-07-21,
2018-07-22,
2018-07-23,4.8086
2018-07-24,4.7624
2018-07-25,4.7861
2018-07-26,4.8628
2018-07-27,4.827
2018-07-28,
2018-07-29,
2018-07-30,4.8655
2018-07-31,4.8938
2018-08-01,4.9087
2018-08-02,4.9312
2018-08-03,5.0595
2018-08-04,
2018-08-05,
2018-08-06,5.087
2018-08-07,5.1557
2018-08-08,5.2729
2018-08-09,5.2908
2018-08-10,5.4085
2018-08-11,
2018-08-12,
2018-08-13,5.9496
2018-08-14,6.8922
2018-08-15,6.5583
2018-08-16,6.1471
2018-08-17,5.8087
2018-08-18,
2018-08-19,
2018-08-20,6.0052
2018-08-21,
2018-08-22,
2018-08-23,
2018-08-24,
2018-08-25,
2018-08-26,
2018-08-27,6.0052
2018-08-28,6.2012
2018-08-29,6.2298
2018-08-30,
2018-08-31,6.4178
2018-09-01,
2018-09-02,
2018-09-03,6.5616
2018-09-04,6.6333
2018-09-05,6.6918
2018-09-06,6.6944
2018-09-07,6.5981
2018-09-08,
2018-09-09,
2018-09-10,6.4807
2018-09-11,6.4649
2018-09-12,6.4654
2018-09-13,6.406
2018-09-14,6.3681
2018-09-15,
2018-09-16,
2018-09-17,6.0768
2018-09-18,6.272
2018-09-19,6.375
2018-09-20,6.3208
2018-09-21,6.2831
2018-09-22,
2018-09-23,
2018-09-24,6.2784
2018-09-25,6.2399
2018-09-26,6.135
2018-09-27,6.1353
2018-09-28,6.0862
2018-09-29,
2018-09-30,
2018-10-01,6.001
2018-10-02,5.9767
2018-10-03,6.019
2018-10-04,6.0397
2018-10-05,6.1354
2018-10-06,
2018-10-07,
2018-10-08,6.1654
2018-10-09,6.1626
2018-10-10,6.1266
2018-10-11,6.0995
2018-10-12,5.9941
2018-10-13,
2018-10-14,
2018-10-15,5.9149
2018-10-16,5.8218
2018-10-17,5.7898
2018-10-18,5.6928
2018-10-19,5.5598
2018-10-20,
2018-10-21,
2018-10-22,5.6235
2018-10-23,5.6582
2018-10-24,5.7814
2018-10-25,5.7273
2018-10-26,5.6899
2018-10-27,
2018-10-28,
2018-10-29,
2018-10-30,5.6287
2018-10-31,5.5303
2018-11-01,5.508
2018-11-02,5.5804
2018-11-03,
2018-11-04,
2018-11-05,5.4712
2018-11-06,5.4569
2018-11-07,5.3514
2018-11-08,5.3672
2018-11-09,5.4193
2018-11-10,
2018-11-11,
2018-11-12,5.4918
2018-11-13,5.4862
2018-11-14,5.4868
2018-11-15,5.4724
2018-11-16,5.4275
2018-11-17,
2018-11-18,
2018-11-19,5.3508
2018-11-20,5.3327
2018-11-21,5.3368
2018-11-22,5.3593
2018-11-23,5.3124
2018-11-24,
2018-11-25,
2018-11-26,5.2866
2018-11-27,5.2538
2018-11-28,5.2461
2018-11-29,5.258
2018-11-30,5.1742
2018-12-01,
2018-12-02,
2018-12-03,5.1663
2018-12-04,5.2
2018-12-05,5.2818
2018-12-06,5.3829
2018-12-07,5.3705
2018-12-08,
2018-12-09,
2018-12-10,5.3353
2018-12-11,5.2905
2018-12-12,5.3601
2018-12-13,5.373
2018-12-14,5.3708
2018-12-15,
2018-12-16,
2018-12-17,5.3807
2018-12-18,5.3863
2018-12-19,5.36
2018-12-20,5.341
2018-12-21,5.2695
2018-12-22,
2018-12-23,
2018-12-24,5.2841
2018-12-25,5.3021
2018-12-26,5.313
2018-12-27,5.2927
2018-12-28,5.2985
2018-12-29,
2018-12-30,
2018-12-31,5.2704
2019-01-01,
2019-01-02,5.2905
2019-01-03,5.3412
2019-01-04,5.4686
2019-01-05,
2019-01-06,
2019-01-07,5.4186
2019-01-08,5.3693
2019-01-09,5.4362
2019-01-10,5.5072
2019-01-11,5.4724
2019-01-12,
2019-01-13,
2019-01-14,5.434
2019-01-15,5.5203
2019-01-16,5.4499
2019-01-17,5.4134
2019-01-18,5.3659
2019-01-19,
2019-01-20,
2019-01-21,5.3526
2019-01-22,5.3465
2019-01-23,5.3551
2019-01-24,5.3238
2019-01-25,5.2835
2019-01-26,
2019-01-27,
2019-01-28,5.2736
2019-01-29,5.2858
2019-01-30,5.3436
2019-01-31,5.2876
2019-02-01,5.2203
2019-02-02,
2019-02-03,
2019-02-04,5.2038
2019-02-05,5.2288
2019-02-06,5.2073
2019-02-07,5.2183
2019-02-08,5.2502
2019-02-09,
2019-02-10,
2019-02-11,5.2532
2019-02-12,5.2651
2019-02-13,5.2733
2019-02-14,5.2523
2019-02-15,5.2962
2019-02-16,
2019-02-17,
2019-02-18,5.2696
2019-02-19,5.3018
2019-02-20,5.3147
2019-02-21,5.3059
2019-02-22,5.3236
2019-02-23,
2019-02-24,
2019-02-25,5.3264
2019-02-26,5.3154
2019-02-27,5.3044
2019-02-28,5.3
2019-03-01,5.3273
2019-03-02,
2019-03-03,
2019-03-04,5.3538
2019-03-05,5.3878
2019-03-06,5.3767
2019-03-07,5.3887
2019-03-08,5.4407
2019-03-09,
2019-03-10,
2019-03-11,5.4642
2019-03-12,5.4443
2019-03-13,5.4457
2019-03-14,5.4621
2019-03-15,5.4716
2019-03-16,
2019-03-17,
2019-03-18,5.4662
2019-03-19,5.4643
2019-03-20,5.4741
2019-03-21,5.4799
2019-03-22,5.449
2019-03-23,
2019-03-24,
2019-03-25,5.5373
2019-03-26,5.6559
2019-03-27,5.5044
2019-03-28,5.3403
2019-03-29,5.5523
2019-03-30,
2019-03-31,
2019-04-01,5.6386
2019-04-02,5.6086
2019-04-03,5.5669
2019-04-04,5.6168
2019-04-05,5.6392
2019-04-06,
2019-04-07,
2019-04-08,5.6024
2019-04-09,5.6774
2019-04-10,5.6678
2019-04-11,5.6829
2019-04-12,5.7215
2019-04-13,
2019-04-14,
2019-04-15,5.7931
2019-04-16,5.7956
2019-04-17,5.7996
2019-04-18,5.7531
2019-04-19,5.8199
2019-04-20,
2019-04-21,
2019-04-22,5.8025
2019-04-23,
2019-04-24,5.8358
2019-04-25,5.8703
2019-04-26,5.9033
2019-04-27,
2019-04-28,
2019-04-29,5.934
2019-04-30,5.9389
2019-05-01,
2019-05-02,5.9671
2019-05-03,5.9679
2019-05-04,
2019-05-05,
2019-05-06,5.9709
2019-05-07,6.0023
2019-05-08,6.1586
2019-05-09,6.1718
2019-05-10,6.2138
2019-05-11,
2019-05-12,
2019-05-13,6.1239
2019-05-14,6.0936
2019-05-15,6.0547
2019-05-16,6.0638
2019-05-17,6.0107
2019-05-18,
2019-05-19,
2019-05-20,6.0572
2019-05-21,6.0509
2019-05-22,6.0534
2019-05-23,6.0872
2019-05-24,6.1362
2019-05-25,
2019-05-26,
2019-05-27,6.0766
2019-05-28,6.0569
2019-05-29,6.0501
2019-05-30,6.0261
2019-05-31,5.9342
2019-06-01,
2019-06-02,
2019-06-03,5.8718
2019-06-04,
2019-06-05,
2019-06-06,
2019-06-07,5.8718
2019-06-08,
2019-06-09,
2019-06-10,5.846
2019-06-11,5.8174
2019-06-12,5.7895
2019-06-13,5.8101
2019-06-14,5.8369
2019-06-15,
2019-06-16,
2019-06-17,5.8932
2019-06-18,5.881
2019-06-19,5.8515
2019-06-20,5.8624
2019-06-21,5.7414
2019-06-22,
2019-06-23,
2019-06-24,5.802
2019-06-25,5.7547
2019-06-26,5.8008
2019-06-27,5.7734
2019-06-28,5.7769
2019-06-29,
2019-06-30,
2019-07-01,5.7654
2019-07-02,5.6895
2019-07-03,5.6772
2019-07-04,5.6394
2019-07-05,5.6035
2019-07-06,
2019-07-07,
2019-07-08,5.6108
2019-07-09,5.733
2019-07-10,5.7225
2019-07-11,5.7485
2019-07-12,5.6767
2019-07-13,
2019-07-14,
2019-07-15,
2019-07-16,5.7019
2019-07-17,5.713
2019-07-18,5.7031
2019-07-19,5.7014
2019-07-20,
2019-07-21,
2019-07-22,5.6417
2019-07-23,5.6786
2019-07-24,5.6886
2019-07-25,5.7238
2019-07-26,5.7093
2019-07-27,
2019-07-28,
2019-07-29,5.6665
2019-07-30,5.6373
2019-07-31,5.581
2019-08-01,5.5326
2019-08-02,5.5916
2019-08-03,
2019-08-04,
2019-08-05,5.591
2019-08-06,5.566
2019-08-07,5.5415
2019-08-08,5.4957
2019-08-09,5.4842
2019-08-10,
2019-08-11,
2019-08-12,
2019-08-13,
2019-08-14,
2019-08-15,5.4907
2019-08-16,5.5814
2019-08-17,
2019-08-18,
2019-08-19,5.5497
2019-08-20,5.5875
2019-08-21,5.7149
2019-08-22,5.7199
2019-08-23,5.7581
2019-08-24,
2019-08-25,
2019-08-26,5.7642
2019-08-27,5.8133
2019-08-28,5.8362
2019-08-29,5.8098
2019-08-30,
2019-08-31,
2019-09-01,
2019-09-02,5.8245
2019-09-03,5.8149
2019-09-04,5.783
2019-09-05,5.6758
2019-09-06,5.6848
2019-09-07,
2019-09-08,
2019-09-09,5.7035
2019-09-10,5.7318
2019-09-11,5.7671
2019-09-12,5.7815
2019-09-13,5.7387
2019-09-14,
2019-09-15,
2019-09-16,5.6767
2019-09-17,5.7228
2019-09-18,5.733
2019-09-19,5.6888
2019-09-20,5.702
2019-09-21,
2019-09-22,
2019-09-23,5.6991
2019-09-24,5.7286
2019-09-25,5.6845
2019-09-26,5.6984
2019-09-27,5.6761
2019-09-28,
2019-09-29,
2019-09-30,5.6693
2019-10-01,5.6539
2019-10-02,5.6855
2019-10-03,5.7383
2019-10-04,5.6956
2019-10-05,
2019-10-06,
2019-10-07,5.6997
2019-10-08,5.7446
2019-10-09,5.8265
2019-10-10,5.8381
2019-10-11,5.881
2019-10-12,
2019-10-13,
2019-10-14,5.8522
2019-10-15,5.9209
2019-10-16,5.8987
2019-10-17,5.9021
2019-10-18,5.8912
2019-10-19,
2019-10-20,
2019-10-21,5.7794
2019-10-22,5.8228
2019-10-23,5.8408
2019-10-24,5.7816
2019-10-25,5.752
2019-10-26,
2019-10-27,
2019-10-28,5.7688
2019-10-29,
2019-10-30,5.7688
2019-10-31,5.7466
2019-11-01,5.7186
2019-11-02,
2019-11-03,
2019-11-04,5.7291
2019-11-05,5.6934
2019-11-06,5.7386
2019-11-07,5.7584
2019-11-08,5.747
2019-11-09,
2019-11-10,
2019-11-11,5.7532
2019-11-12,5.7808
2019-11-13,5.7769
2019-11-14,5.7676
2019-11-15,5.7674
2019-11-16,
2019-11-17,
2019-11-18,5.7573
2019-11-19,5.7407
2019-11-20,5.7256
2019-11-21,5.7066
2019-11-22,5.6998
2019-11-23,
2019-11-24,
2019-11-25,5.7021
2019-11-26,5.7294
2019-11-27,5.7486
2019-11-28,5.7632
2019-11-29,5.7682
2019-11-30,
2019-12-01,
2019-12-02,5.7507
2019-12-03,5.7529
2019-12-04,5.7468
2019-12-05,5.7463
2019-12-06,5.7591
2019-12-07,
2019-12-08,
2019-12-09,5.7582
2019-12-10,5.801
2019-12-11,5.8092
2019-12-12,5.8086
2019-12-13,5.798
2019-12-14,
2019-12-15,
2019-12-16,5.783
2019-12-17,5.8449
2019-12-18,5.8664
2019-12-19,5.9097
2019-12-20,5.9359
2019-12-21,
2019-12-22,
2019-12-23,5.9222
2019-12-24,5.9398
2019-12-25,5.9471
2019-12-26,5.94
2019-12-27,5.9409
2019-12-28,
2019-12-29,
2019-12-30,5.9477
2019-12-31,5.9509
2020-01-01,
2020-01-02,5.9507
2020-01-03,5.9585
2020-01-04,
2020-01-05,
2020-01-06,5.9734
2020-01-07,5.9766
2020-01-08,5.9701
2020-01-09,5.9679
2020-01-10,5.8916
2020-01-11,
2020-01-12,
2020-01-13,5.8819
2020-01-14,5.8635
2020-01-15,5.8917
2020-01-16,5.8933
2020-01-17,5.879
2020-01-18,
2020-01-19,
2020-01-20,5.867
2020-01-21,5.9085
2020-01-22,5.9297
2020-01-23,5.94
2020-01-24,5.9259
2020-01-25,
2020-01-26,
2020-01-27,5.9394
2020-01-28,5.9478
2020-01-29,5.9441
2020-01-30,5.9512
2020-01-31,5.9824
2020-02-01,
2020-02-02,
2020-02-03,5.9833
2020-02-04,5.9863
2020-02-05,5.9822
2020-02-06,5.9867
2020-02-07,5.9891
2020-02-08,
2020-02-09,
2020-02-10,5.9884
2020-02-11,6.0059
2020-02-12,6.038
2020-02-13,6.0324
2020-02-14,6.0568
2020-02-15,
2020-02-16,
2020-02-17,6.0579
2020-02-18,6.046
2020-02-19,6.0687
2020-02-20,6.069
2020-02-21,6.0934
2020-02-22,
2020-02-23,
2020-02-24,6.1133
2020-02-25,6.1494
2020-02-26,6.1328
2020-02-27,6.1574
2020-02-28,6.1704
2020-02-29,
2020-03-01,
2020-03-02,6.2371
2020-03-03,6.2304
2020-03-04,6.2055
2020-03-05,6.1014
2020-03-06,6.0882
2020-03-07,
2020-03-08,
2020-03-09,6.093
2020-03-10,6.1208
2020-03-11,6.1261
2020-03-12,6.1613
2020-03-13,6.2376
2020-03-14,
2020-03-15,
2020-03-16,6.2824
2020-03-17,6.3743
2020-03-18,6.4644
2020-03-19,6.4628
2020-03-20,6.5271
2020-03-21,
2020-03-22,
2020-03-23,6.4956
2020-03-24,6.5983
2020-03-25,6.506
2020-03-26,6.4139
2020-03-27,6.4676
2020-03-28,
2020-03-29,
2020-03-30,6.4462
2020-03-31,6.5277
2020-04-01,6.5815
2020-04-02,6.6548
2020-04-03,6.6792
2020-04-04,
2020-04-05,
2020-04-06,6.7024
2020-04-07,6.7671
2020-04-08,6.7496
2020-04-09,6.7827
2020-04-10,6.7504
2020-04-11,
2020-04-12,
2020-04-13,6.6998
2020-04-14,6.774
2020-04-15,6.7874
2020-04-16,6.8628
2020-04-17,6.9197
2020-04-18,
2020-04-19,
2020-04-20,6.9255
2020-04-21,6.9207
2020-04-22,6.9719
2020-04-23,
2020-04-24,6.9833
2020-04-25,
2020-04-26,
2020-04-27,6.9715
2020-04-28,6.9801
2020-04-29,7.0006
2020-04-30,6.9913
2020-05-01,
2020-05-02,
2020-05-03,
2020-05-04,6.9845
2020-05-05,7.0278
2020-05-06,7.0677
2020-05-07,7.1463
2020-05-08,7.2339
2020-05-09,
2020-05-10,
2020-05-11,7.1088
2020-05-12,7.0803
2020-05-13,7.0248
2020-05-14,6.9915
2020-05-15,6.9668
2020-05-16,
2020-05-17,
2020-05-18,6.9166
2020-05-19,
2020-05-20,6.872
2020-05-21,6.7963
2020-05-22,6.8005
2020-05-23,
2020-05-24,
2020-05-25,
2020-05-26,
2020-05-27,6.804
2020-05-28,6.7729
2020-05-29,6.8016
2020-05-30,
2020-05-31,
2020-06-01,6.826
2020-06-02,6.8181
2020-06-03,6.7939
2020-06-04,6.7429
2020-06-05,6.7598
2020-06-06,
2020-06-07,
2020-06-08,6.7695
2020-06-09,6.7836
2020-06-10,6.7951
2020-06-11,6.7899
2020-06-12,6.7949
2020-06-13,
2020-06-14,
2020-06-15,6.8265
2020-06-16,6.8343
2020-06-17,6.8377
2020-06-18,6.8456
2020-06-19,6.8573
2020-06-20,
2020-06-21,
2020-06-22,6.8563
2020-06-23,6.8545
2020-06-24,6.8563
2020-06-25,6.8575
2020-06-26,6.8558
2020-06-27,
2020-06-28,
2020-06-29,6.854
2020-06-30,6.8545
2020-07-01,6.8555
2020-07-02,6.8555
2020-07-03,6.8552
2020-07-04,
2020-07-05,
2020-07-06,6.8545
2020-07-07,6.859
2020-07-08,6.8642
2020-07-09,6.8647
2020-07-10,6.8654
2020-07-11,
2020-07-12,
2020-07-13,6.8638
2020-07-14,6.8652
2020-07-15,
2020-07-16,6.8648
2020-07-17,6.8573
2020-07-18,
2020-07-19,
2020-07-20,6.8563
2020-07-21,6.8562
2020-07-22,6.8553
2020-07-23,6.8495
2020-07-24,6.8471
2020-07-25,
2020-07-26,
2020-07-27,6.8476
2020-07-28,6.8487
2020-07-29,6.897
2020-07-30,6.9497
2020-07-31,
2020-08-01,
2020-08-02,
2020-08-03,
2020-08-04,6.9497
2020-08-05,6.9459
2020-08-06,6.9998
2020-08-07,7.1722
2020-08-08,
2020-08-09,
2020-08-10,7.2792
2020-08-11,7.3128
2020-08-12,7.2613
2020-08-13,7.2996
2020-08-14,7.3278
2020-08-15,
2020-08-16,
2020-08-17,7.3577
2020-08-18,7.381
2020-08-19,7.3812
2020-08-20,7.3609
2020-08-21,7.3083
2020-08-22,
2020-08-23,
2020-08-24,7.2286
2020-08-25,7.3504
2020-08-26,7.3807
2020-08-27,7.3591
2020-08-28,7.3306
2020-08-29,
2020-08-30,
2020-08-31,7.3182
2020-09-01,7.3393
2020-09-02,7.3553
2020-09-03,7.3696
2020-09-04,7.4127
2020-09-05,
2020-09-06,
2020-09-07,7.4267
2020-09-08,7.4483
2020-09-09,7.4672
2020-09-10,7.4805
2020-09-11,7.4688
2020-09-12,
2020-09-13,
2020-09-14,7.453
2020-09-15,7.4823
2020-09-16,7.4803
2020-09-17,7.4812
2020-09-18,7.5287
2020-09-19,
2020-09-20,
2020-09-21,7.548
2020-09-22,7.5857
2020-09-23,7.6389
2020-09-24,7.6708
2020-09-25,7.6768
2020-09-26,
2020-09-27,
2020-09-28,7.5682
2020-09-29,7.7647
2020-09-30,7.8221
2020-10-01,7.7662
2020-10-02,7.7085
2020-10-03,
2020-10-04,
2020-10-05,7.7427
2020-10-06,7.7446
2020-10-07,7.7591
2020-10-08,7.8408
2020-10-09,7.9073
2020-10-10,
2020-10-11,
2020-10-12,7.9215
2020-10-13,7.8815
2020-10-14,7.892
2020-10-15,7.9348
2020-10-16,7.9259
2020-10-17,
2020-10-18,
2020-10-19,7.9272
2020-10-20,7.892
2020-10-21,7.8903
2020-10-22,7.832
2020-10-23,7.8166
2020-10-24,
2020-10-25,
2020-10-26,7.9522
2020-10-27,8.0429
2020-10-28,8.1357
2020-10-29,
2020-10-30,8.1357
2020-10-31,
2020-11-01,
2020-11-02,8.3232
2020-11-03,8.3911
2020-11-04,8.4698
2020-11-05,8.4705
2020-11-06,8.4569
2020-11-07,
2020-11-08,
2020-11-09,8.4765
2020-11-10,8.1926
2020-11-11,8.2507
2020-11-12,8.0622
2020-11-13,7.8037
2020-11-14,
2020-11-15,
2020-11-16,7.6435
2020-11-17,7.6889
2020-11-18,7.7533
2020-11-19,7.7334
2020-11-20,7.6837
2020-11-21,
2020-11-22,
2020-11-23,7.5922
2020-11-24,7.7733
2020-11-25,7.9313
2020-11-26,7.9558
2020-11-27,7.9088
2020-11-28,
2020-11-29,
2020-11-30,7.8116
2020-12-01,7.8032
2020-12-02,7.8553
2020-12-03,7.8221
2020-12-04,7.8614
2020-12-05,
2020-12-06,
2020-12-07,7.7936
2020-12-08,7.8514
2020-12-09,7.8227
2020-12-10,7.8344
2020-12-11,7.864
2020-12-12,
2020-12-13,
2020-12-14,7.9492
2020-12-15,7.8841
2020-12-16,7.8473
2020-12-17,7.8013
2020-12-18,7.765
2020-12-19,
2020-12-20,
2020-12-21,7.7036
2020-12-22,7.6907
2020-12-23,7.6505
2020-12-24,7.6458
2020-12-25,7.6327
2020-12-26,
2020-12-27,
2020-12-28,7.5653
2020-12-29,7.4873
2020-12-30,7.4197
2020-12-31,7.3537
2021-01-01,
2021-01-02,
2021-01-03,
2021-01-04,7.4327
2021-01-05,7.3734
2021-01-06,7.3999
2021-01-07,7.3432
2021-01-08,7.2864
2021-01-09,
2021-01-10,
2021-01-11,7.3622
2021-01-12,7.4565
2021-01-13,7.4743
2021-01-14,7.4419
2021-01-15,7.4018
2021-01-16,
2021-01-17,
2021-01-18,7.401
2021-01-19,7.5087
2021-01-20,7.4619
2021-01-21,7.4501
2021-01-22,7.3969
2021-01-23,
2021-01-24,
2021-01-25,7.4118
2021-01-26,7.393
2021-01-27,7.3968
2021-01-28,7.3676
2021-01-29,7.3856
2021-01-30,
2021-01-31,
2021-02-01,7.3348
2021-02-02,7.2315
2021-02-03,7.1501
2021-02-04,7.1627
2021-02-05,7.1453
2021-02-06,
2021-02-07,
2021-02-08,7.0917
2021-02-09,7.0791
2021-02-10,7.0949
2021-02-11,7.064
2021-02-12,7.0531
2021-02-13,
2021-02-14,
2021-02-15,7.0288
2021-02-16,6.985
2021-02-17,6.9275
2021-02-18,7.0167
2021-02-19,6.9652
2021-02-20,
2021-02-21,
2021-02-22,6.9736
2021-02-23,7.0066
2021-02-24,7.038
2021-02-25,7.1485
2021-02-26,7.2054
2021-02-27,
2021-02-28,
2021-03-01,7.3841
2021-03-02,7.316
2021-03-03,7.3248
2021-03-04,7.3524
2021-03-05,7.4659
2021-03-06,
2021-03-07,
2021-03-08,7.5231
2021-03-09,7.6075
2021-03-10,7.654
2021-03-11,7.6088
2021-03-12,7.4581
2021-03-13,
2021-03-14,
2021-03-15,7.5846
2021-03-16,7.551
2021-03-17,7.5176
2021-03-18,7.5115
2021-03-19,7.4708
2021-03-20,
2021-03-21,
2021-03-22,7.2801
2021-03-23,7.9182
2021-03-24,7.8222
2021-03-25,7.9809
2021-03-26,7.9552
2021-03-27,
2021-03-28,
2021-03-29,8.0037
2021-03-30,8.1338
2021-03-31,8.341
2021-04-01,8.3408
2021-04-02,8.1854
2021-04-03,
2021-04-04,
2021-04-05,8.0506
2021-04-06,8.154
2021-04-07,8.1588
2021-04-08,8.1836
2021-04-09,8.1665
2021-04-10,
2021-04-11,
2021-04-12,8.153
2021-04-13,8.1828
2021-04-14,8.153
2021-04-15,8.0875
2021-04-16,8.0712
2021-04-17,
2021-04-18,
2021-04-19,8.0719
2021-04-20,8.0659
2021-04-21,8.1157
2021-04-22,8.158
2021-04-23,
2021-04-24,
2021-04-25,
2021-04-26,8.2843
2021-04-27,8.3445
2021-04-28,8.2458
2021-04-29,8.2008
2021-04-30,8.19
2021-05-01,
2021-05-02,
2021-05-03,8.2459
2021-05-04,8.3069
2021-05-05,8.3241
2021-05-06,8.355
2021-05-07,8.3211
2021-05-08,
2021-05-09,
2021-05-10,8.2879
2021-05-11,8.2605
2021-05-12,8.3016
2021-05-13,
2021-05-14,
2021-05-15,
2021-05-16,
2021-05-17,8.3016
2021-05-18,8.3619
2021-05-19,
2021-05-20,8.3431
2021-05-21,8.384
2021-05-22,
2021-05-23,
2021-05-24,8.3705
2021-05-25,8.3962
2021-05-26,8.4098
2021-05-27,8.4482
2021-05-28,8.4475
2021-05-29,
2021-05-30,
2021-05-31,8.5651
2021-06-01,8.5143
2021-06-02,8.5185
2021-06-03,8.6221
2021-06-04,8.6387
2021-06-05,
2021-06-06,
2021-06-07,8.6976
2021-06-08,8.6356
2021-06-09,8.6046
2021-06-10,8.5904
2021-06-11,8.5467
2021-06-12,
2021-06-13,
2021-06-14,8.3697
2021-06-15,8.3524
2021-06-16,8.5628
2021-06-17,8.5371
2021-06-18,8.6398
2021-06-19,
2021-06-20,
2021-06-21,8.6802
2021-06-22,8.7655
2021-06-23,8.7359
2021-06-24,8.6294
2021-06-25,8.6749
2021-06-26,
2021-06-27,
2021-06-28,8.6928
2021-06-29,8.7376
2021-06-30,8.7208
2021-07-01,8.6959
2021-07-02,8.6924
2021-07-03,
2021-07-04,
2021-07-05,8.6954
2021-07-06,8.6806
2021-07-07,8.6671
2021-07-08,8.6813
2021-07-09,8.7024
2021-07-10,
2021-07-11,
2021-07-12,8.6872
2021-07-13,8.6475
2021-07-14,8.6188
2021-07-15,
2021-07-16,8.6278
2021-07-17,
2021-07-18,
2021-07-19,8.5252
2021-07-20,
2021-07-21,
2021-07-22,
2021-07-23,
2021-07-24,
2021-07-25,
2021-07-26,8.5252
2021-07-27,8.5885
2021-07-28,8.5758
2021-07-29,8.56
2021-07-30,8.5128
2021-07-31,
2021-08-01,
2021-08-02,8.429
2021-08-03,8.4001
2021-08-04,8.3379
2021-08-05,8.4344
2021-08-06,8.5416
2021-08-07,
2021-08-08,
2021-08-09,8.5773
2021-08-10,8.6582
2021-08-11,8.6361
2021-08-12,8.6399
2021-08-13,8.5877
2021-08-14,
2021-08-15,
2021-08-16,8.5512
2021-08-17,8.4833
2021-08-18,8.4293
2021-08-19,8.4784
2021-08-20,8.5264
2021-08-21,
2021-08-22,
2021-08-23,8.5407
2021-08-24,8.4724
2021-08-25,8.4283
2021-08-26,8.3948
2021-08-27,8.3729
2021-08-28,
2021-08-29,
2021-08-30,
2021-08-31,8.3903
2021-09-01,8.3192
2021-09-02,8.3025
2021-09-03,8.2782
2021-09-04,
2021-09-05,
2021-09-06,8.3099
2021-09-07,8.2916
2021-09-08,8.313
2021-09-09,8.4214
2021-09-10,8.4808
2021-09-11,
2021-09-12,
2021-09-13,8.4195
2021-09-14,8.4593
2021-09-15,8.4466
2021-09-16,8.4424
2021-09-17,8.4554
2021-09-18,
2021-09-19,
2021-09-20,8.5832
2021-09-21,8.6804
2021-09-22,8.6456
2021-09-23,8.6505
2021-09-24,8.674
2021-09-25,
2021-09-26,
2021-09-27,8.8399
2021-09-28,8.8514
2021-09-29,8.8745
2021-09-30,8.8592
2021-10-01,8.8945
2021-10-02,
2021-10-03,
2021-10-04,8.8628
2021-10-05,8.8682
2021-10-06,8.8603
2021-10-07,8.9226
2021-10-08,8.8769
2021-10-09,
2021-10-10,
2021-10-11,8.9142
2021-10-12,8.9528
2021-10-13,9.0158
2021-10-14,9.0384
2021-10-15,9.158
2021-10-16,
2021-10-17,
2021-10-18,9.2159
2021-10-19,9.2834
2021-10-20,9.3012
2021-10-21,9.3307
2021-10-22,9.3024
2021-10-23,
2021-10-24,
2021-10-25,9.6033
2021-10-26,9.7537
2021-10-27,9.4745
2021-10-28,9.4984
2021-10-29,
2021-10-30,
2021-10-31,
2021-11-01,9.4984
2021-11-02,9.5458
2021-11-03,9.5342
2021-11-04,9.6744
2021-11-05,9.7059
2021-11-06,
2021-11-07,
2021-11-08,9.7175
2021-11-09,9.7022
2021-11-10,9.7204
2021-11-11,9.7988
2021-11-12,9.9349
2021-11-13,
2021-11-14,
2021-11-15,9.9283
2021-11-16,9.9984
2021-11-17,10.1854
2021-11-18,10.418
2021-11-19,10.7155
2021-11-20,
2021-11-21,
2021-11-22,11.0465
2021-11-23,11.1913
2021-11-24,12.1775
2021-11-25,12.6309
2021-11-26,12.0217
2021-11-27,
2021-11-28,
2021-11-29,12.1004
2021-11-30,12.6823
2021-12-01,12.962
2021-12-02,13.3603
2021-12-03,13.4309
2021-12-04,
2021-12-05,
2021-12-06,13.7048
2021-12-07,13.7988
2021-12-08,13.6913
2021-12-09,13.6486
2021-12-10,13.7679
2021-12-11,
2021-12-12,
2021-12-13,13.8596
2021-12-14,14.2721
2021-12-15,14.2
2021-12-16,14.6613
2021-12-17,15.2392
2021-12-18,
2021-12-19,
2021-12-20,16.3652
2021-12-21,17.5046
2021-12-22,13.0461
2021-12-23,12.476
2021-12-24,11.4714
2021-12-25,
2021-12-26,
2021-12-27,11.7489
2021-12-28,11.4105
2021-12-29,11.8515
2021-12-30,12.2439
2021-12-31,13.0009
2022-01-01,
2022-01-02,
2022-01-03,13.353
2022-01-04,13.4463
2022-01-05,13.211
2022-01-06,13.3928
2022-01-07,13.6598
2022-01-08,
2022-01-09,
2022-01-10,13.7774
2022-01-11,13.7442
2022-01-12,13.7562
2022-01-13,13.7456
2022-01-14,13.5644
2022-01-15,
2022-01-16,
2022-01-17,13.5298
2022-01-18,13.5031
2022-01-19,13.5352
2022-01-20,13.5947
2022-01-21,13.4673
2022-01-22,
2022-01-23,
2022-01-24,13.4261
2022-01-25,13.4087
2022-01-26,13.5243
2022-01-27,13.5272
2022-01-28,13.6177
2022-01-29,
2022-01-30,
2022-01-31,13.6311
2022-02-01,13.4257
2022-02-02,13.391
2022-02-03,13.4529
2022-02-04,13.5787
2022-02-05,
2022-02-06,
2022-02-07,13.558
2022-02-08,13.5673
2022-02-09,13.6406
2022-02-10,13.5919
2022-02-11,13.5566
2022-02-12,
2022-02-13,
2022-02-14,13.5176
2022-02-15,13.5622
2022-02-16,13.6277
2022-02-17,13.6399
2022-02-18,13.628
2022-02-19,
2022-02-20,
2022-02-21,13.6363
2022-02-22,13.6369
2022-02-23,13.7695
2022-02-24,13.8097
2022-02-25,14.258
2022-02-26,
2022-02-27,
2022-02-28,14.0648
2022-03-01,13.8535
2022-03-02,13.9104
2022-03-03,14.0639
2022-03-04,14.1374
2022-03-05,
2022-03-06,
2022-03-07,14.2021
2022-03-08,14.327
2022-03-09,14.4989
2022-03-10,14.6324
2022-03-11,14.77
2022-03-12,
2022-03-13,
2022-03-14,14.9311
2022-03-15,14.789
2022-03-16,14.7769
2022-03-17,14.7022
2022-03-18,14.6961
2022-03-19,
2022-03-20,
2022-03-21,14.7906
2022-03-22,14.8427
2022-03-23,14.8308
2022-03-24,14.833
2022-03-25,14.8501
2022-03-26,
2022-03-27,
2022-03-28,14.8334
2022-03-29,14.8488
2022-03-30,14.8199
2022-03-31,14.6722
2022-04-01,14.6635
2022-04-02,
2022-04-03,
2022-04-04,14.6873
2022-04-05,14.7127
2022-04-06,14.722
2022-04-07,14.7441
2022-04-08,14.7555
2022-04-09,
2022-04-10,
2022-04-11,14.7478
2022-04-12,14.7427
2022-04-13,14.6897
2022-04-14,14.5866
2022-04-15,14.6196
2022-04-16,
2022-04-17,
2022-04-18,14.6444
2022-04-19,14.6515
2022-04-20,14.6607
2022-04-21,14.6688
2022-04-22,14.6869
2022-04-23,
2022-04-24,
2022-04-25,14.7333
2022-04-26,14.7705
2022-04-27,14.7936
2022-04-28,14.8229
2022-04-29,14.8064
2022-04-30,
2022-05-01,
2022-05-02,
2022-05-03,
2022-05-04,
2022-05-05,14.8118
2022-05-06,14.858
2022-05-07,
2022-05-08,
2022-05-09,14.9247
2022-05-10,15.001
2022-05-11,15.2199
2022-05-12,15.3157
2022-05-13,15.3802
2022-05-14,
2022-05-15,
2022-05-16,15.4656
2022-05-17,15.5919
2022-05-18,15.8171
2022-05-19,
2022-05-20,15.9492
2022-05-21,
2022-05-22,
2022-05-23,15.9536
2022-05-24,15.878
2022-05-25,16.1135
2022-05-26,16.2963
2022-05-27,16.3975
2022-05-28,
2022-05-29,
2022-05-30,16.3773
2022-05-31,16.3857
2022-06-01,16.4171
2022-06-02,16.4423
2022-06-03,16.4686
2022-06-04,
2022-06-05,
2022-06-06,16.5062
2022-06-07,16.5887
2022-06-08,16.7385
2022-06-09,17.1232
2022-06-10,17.2295
2022-06-11,
2022-06-12,
2022-06-13,17.0896
2022-06-14,17.2654
2022-06-15,17.2653
2022-06-16,17.2879
2022-06-17,17.3191
2022-06-18,
2022-06-19,
2022-06-20,17.3216
2022-06-21,17.3425
2022-06-22,17.348
2022-06-23,17.3613
2022-06-24,17.3782
2022-06-25,
2022-06-26,
2022-06-27,17.3791
2022-06-28,16.676
2022-06-29,16.6488
2022-06-30,16.6991
2022-07-01,16.6914
2022-07-02,
2022-07-03,
2022-07-04,16.7456
2022-07-05,16.8237
2022-07-06,16.9674
2022-07-07,17.2128
2022-07-08,17.2912
2022-07-09,
2022-07-10,
2022-07-11,
2022-07-12,
2022-07-13,17.2912
2022-07-14,17.4226
2022-07-15,
2022-07-16,
2022-07-17,
2022-07-18,17.4896
2022-07-19,17.495
2022-07-20,17.5741
2022-07-21,17.5922
2022-07-22,17.6599
2022-07-23,
2022-07-24,
2022-07-25,17.7429
2022-07-26,17.8331
2022-07-27,17.8656
2022-07-28,17.9023
2022-07-29,17.9367
2022-07-30,
2022-07-31,
2022-08-01,17.9261
2022-08-02,17.9577
2022-08-03,17.965
2022-08-04,17.9681
2022-08-05,17.9673
2022-08-06,
2022-08-07,
2022-08-08,17.9685
2022-08-09,17.9716
2022-08-10,17.9642
2022-08-11,17.9631
2022-08-12,17.9679
2022-08-13,
2022-08-14,
2022-08-15,17.9689
2022-08-16,17.9734
2022-08-17,17.9744
2022-08-18,17.9735
2022-08-19,18.0011
2022-08-20,
2022-08-21,
2022-08-22,18.1093
2022-08-23,18.1314
2022-08-24,18.1345
2022-08-25,18.1503
2022-08-26,18.1793
2022-08-27,
2022-08-28,
2022-08-29,18.1892
2022-08-30,
2022-08-31,18.1975
2022-09-01,18.2031
2022-09-02,18.2132
2022-09-03,
2022-09-04,
2022-09-05,18.2337
2022-09-06,18.2378
2022-09-07,18.2376
2022-09-08,18.2468
2022-09-09,18.2523
2022-09-10,
2022-09-11,
2022-09-12,18.2517
2022-09-13,18.2515
2022-09-14,18.2533
2022-09-15,18.2649
2022-09-16,18.2755
2022-09-17,
2022-09-18,
2022-09-19,18.2802
2022-09-20,18.2987
2022-09-21,18.3115
2022-09-22,18.3279
2022-09-23,18.3732
2022-09-24,
2022-09-25,
2022-09-26,18.4033
2022-09-27,18.4598
2022-09-28,18.4842
2022-09-29,18.5195
2022-09-30,18.5371
2022-10-01,
2022-10-02,
2022-10-03,18.5521
2022-10-04,18.5731
2022-10-05,18.5781
2022-10-06,18.5885
2022-10-07,18.5923
2022-10-08,
2022-10-09,
2022-10-10,18.5927
2022-10-11,18.5915
2022-10-12,18.5949
2022-10-13,18.5999
2022-10-14,18.5991
2022-10-15,
2022-10-16,
2022-10-17,18.593
2022-10-18,18.5997
2022-10-19,18.5998
2022-10-20,18.5996
2022-10-21,18.6021
2022-10-22,
2022-10-23,
2022-10-24,18.6076
2022-10-25,18.6165
2022-10-26,18.616
2022-10-27,18.6199
2022-10-28,18.6215
2022-10-29,
2022-10-30,
2022-10-31,18.6215
2022-11-01,18.625
2022-11-02,18.6291
2022-11-03,18.6316
2022-11-04,18.6307
2022-11-05,
2022-11-06,
2022-11-07,18.6271
2022-11-08,18.6168
2022-11-09,18.6138
2022-11-10,18.6126
2022-11-11,18.6127
2022-11-12,
2022-11-13,
2022-11-14,18.5448
2022-11-15,18.6153
2022-11-16,18.6199
2022-11-17,18.6251
2022-11-18,18.6294
2022-11-19,
2022-11-20,
2022-11-21,18.628
2022-11-22,18.6314
2022-11-23,18.6369
2022-11-24,18.6397
2022-11-25,18.638
2022-11-26,
2022-11-27,
2022-11-28,18.6406
2022-11-29,18.6404
2022-11-30,18.6475
2022-12-01,18.653
2022-12-02,18.6458
2022-12-03,
2022-12-04,
2022-12-05,18.6438
2022-12-06,18.6465
2022-12-07,18.6479
2022-12-08,18.6501
2022-12-09,18.6538
2022-12-10,
2022-12-11,
2022-12-12,18.6544
2022-12-13,18.6534
2022-12-14,18.6581
2022-12-15,18.6602
2022-12-16,18.6589
2022-12-17,
2022-12-18,
2022-12-19,18.6603
2022-12-20,18.6647
2022-12-21,18.6717
2022-12-22,18.6768
2022-12-23,18.6858
2022-12-24,
2022-12-25,
2022-12-26,18.6928
2022-12-27,18.6986
2022-12-28,18.715
2022-12-29,18.7301
2022-12-30,18.7303
2022-12-31,
2023-01-01,
2023-01-02,18.732
2023-01-03,18.7366
2023-01-04,18.7442
2023-01-05,18.7531
2023-01-06,18.7725
2023-01-07,
2023-01-08,
2023-01-09,18.7836
2023-01-10,18.7876
2023-01-11,18.7893
2023-01-12,18.7919
2023-01-13,18.7946
2023-01-14,
2023-01-15,
2023-01-16,18.793
2023-01-17,18.8019
2023-01-18,18.8029
2023-01-19,18.8039
2023-01-20,18.808
2023-01-21,
2023-01-22,
2023-01-23,18.811
2023-01-24,18.8183
2023-01-25,18.8073
2023-01-26,18.8188
2023-01-27,18.8191
2023-01-28,
2023-01-29,
2023-01-30,18.8191
2023-01-31,18.8215
2023-02-01,18.8216
2023-02-02,18.8235
2023-02-03,18.8252
2023-02-04,
2023-02-05,
2023-02-06,18.8287
2023-02-07,18.843
2023-02-08,18.8426
2023-02-09,18.8439
2023-02-10,18.8448
2023-02-11,
2023-02-12,
2023-02-13,18.8451
2023-02-14,18.8523
2023-02-15,18.8564
2023-02-16,18.8621
2023-02-17,18.8659
2023-02-18,
2023-02-19,
2023-02-20,18.87
2023-02-21,18.8777
2023-02-22,18.8803
2023-02-23,18.8846
2023-02-24,18.8887
2023-02-25,
2023-02-26,
2023-02-27,18.8906
2023-02-28,18.8972
2023-03-01,18.8986
2023-03-02,18.8991
2023-03-03,18.901
2023-03-04,
2023-03-05,
2023-03-06,18.8927
2023-03-07,18.9141
2023-03-08,18.9247
2023-03-09,18.9476
2023-03-10,18.9636
2023-03-11,
2023-03-12,
2023-03-13,18.9716
2023-03-14,18.9835
2023-03-15,18.9855
2023-03-16,18.9924
2023-03-17,19.0098
2023-03-18,
2023-03-19,
2023-03-20,19.0127
2023-03-21,19.0261
2023-03-22,19.0357
2023-03-23,19.0508
2023-03-24,19.0566
2023-03-25,
2023-03-26,
2023-03-27,19.0714
2023-03-28,19.1023
2023-03-29,19.1183
2023-03-30,19.1415
2023-03-31,19.1804
2023-04-01,
2023-04-02,
2023-04-03,19.1878
2023-04-04,19.2133
2023-04-05,19.2347
2023-04-06,19.2612
2023-04-07,19.2708
2023-04-08,
2023-04-09,
2023-04-10,19.2679
2023-04-11,19.2727
2023-04-12,19.2966
2023-04-13,19.3232
2023-04-14,19.3418
2023-04-15,
2023-04-16,
2023-04-17,19.3712
2023-04-18,19.389
2023-04-19,19.4104
2023-04-20,19.4155
2023-04-21,
2023-04-22,
2023-04-23,
2023-04-24,19.4155
2023-04-25,19.4202
2023-04-26,19.4286
2023-04-27,19.4379
2023-04-28,19.4453
2023-04-29,
2023-04-30,
2023-05-01,
2023-05-02,19.4618
2023-05-03,19.4767
2023-05-04,19.4861
2023-05-05,19.4998
2023-05-06,
2023-05-07,
2023-05-08,19.5098
2023-05-09,19.5188
2023-05-10,19.526
2023-05-11,19.5486
2023-05-12,19.5741
2023-05-13,
2023-05-14,
2023-05-15,19.6002
2023-05-16,19.674
2023-05-17,19.7154
2023-05-18,19.7692
2023-05-19,
2023-05-20,
2023-05-21,
2023-05-22,19.7963
2023-05-23,19.8404
2023-05-24,19.8627
2023-05-25,19.8957
2023-05-26,19.9386
2023-05-27,
2023-05-28,
2023-05-29,19.9872
2023-05-30,20.0814
2023-05-31,20.347
2023-06-01,20.7005
2023-06-02,20.7903
2023-06-03,
2023-06-04,
2023-06-05,20.8822
2023-06-06,21.1846
2023-06-07,21.4952
2023-06-08,23.0625
2023-06-09,23.3632
2023-06-10,
2023-06-11,
2023-06-12,23.4736
2023-06-13,23.6542
2023-06-14,23.6813
2023-06-15,23.6414
2023-06-16,23.6815
2023-06-17,
2023-06-18,
2023-06-19,23.6814
2023-06-20,23.6797
2023-06-21,23.6194
2023-06-22,23.5917
2023-06-23,23.6665
2023-06-24,
2023-06-25,
2023-06-26,25.296
2023-06-27,25.8696
2023-06-28,
2023-06-29,
2023-06-30,
2023-07-01,
2023-07-02,
2023-07-03,25.8696
2023-07-04,26.0781
2023-07-05,26.0503
2023-07-06,26.0944
2023-07-07,26.0921
2023-07-08,
2023-07-09,
2023-07-10,26.085
2023-07-11,26.1033
2023-07-12,26.1191
2023-07-13,26.1569
2023-07-14,26.1665
2023-07-15,
2023-07-16,
2023-07-17,26.1917
2023-07-18,26.2861
2023-07-19,26.8716
2023-07-20,26.9448
2023-07-21,26.9362
2023-07-22,
2023-07-23,
2023-07-24,26.9428
2023-07-25,26.9697
2023-07-26,26.9748
2023-07-27,26.9768
2023-07-28,26.9794
2023-07-29,
2023-07-30,
2023-07-31,26.9879
2023-08-01,26.9808
2023-08-02,26.9814
2023-08-03,26.9868
2023-08-04,26.9983
2023-08-05,
2023-08-06,
2023-08-07,27.0031
2023-08-08,27.0137
2023-08-09,27.0306
2023-08-10,27.0378
2023-08-11,27.0464
2023-08-12,
2023-08-13,
2023-08-14,27.0546
2023-08-15,27.0656
2023-08-16,27.0707
2023-08-17,27.0741
2023-08-18,27.1169
2023-08-19,
2023-08-20,
2023-08-21,27.1094
2023-08-22,27.1763
2023-08-23,27.2165
2023-08-24,27.2226
2023-08-25,27.1425
2023-08-26,
2023-08-27,
2023-08-28,26.4536
2023-08-29,26.5749
2023-08-30,
2023-08-31,26.6242
2023-09-01,26.7138
2023-09-02,
2023-09-03,
2023-09-04,26.7264
2023-09-05,26.7831
2023-09-06,26.8087
2023-09-07,26.8183
2023-09-08,26.8531
2023-09-09,
2023-09-10,
2023-09-11,26.857
2023-09-12,26.8897
2023-09-13,26.9066
2023-09-14,26.9509
2023-09-15,26.9554
2023-09-16,
2023-09-17,
2023-09-18,26.9785
2023-09-19,27.03
2023-09-20,27.0424
2023-09-21,27.0396
2023-09-22,27.0507
2023-09-23,
2023-09-24,
2023-09-25,27.1528
2023-09-26,27.224
2023-09-27,27.2598
2023-09-28,27.3131
2023-09-29,27.4245
2023-09-30,
2023-10-01,
2023-10-02,27.426
2023-10-03,27.4537
2023-10-04,27.5013
2023-10-05,27.5812
2023-10-06,27.5759
2023-10-07,
2023-10-08,
2023-10-09,27.6076
2023-10-10,27.7058
2023-10-11,27.729
2023-10-12,27.7393
2023-10-13,27.7576
2023-10-14,
2023-10-15,
2023-10-16,27.7939
2023-10-17,27.8865
2023-10-18,27.9221
2023-10-19,28.0163
2023-10-20,28.0153
2023-10-21,
2023-10-22,
2023-10-23,28.0218
2023-10-24,28.0608
2023-10-25,28.1042
2023-10-26,28.1313
2023-10-27,28.1532
2023-10-28,
2023-10-29,
2023-10-30,28.1765
2023-10-31,28.2552
2023-11-01,28.2874
2023-11-02,28.3315
2023-11-03,28.3573
2023-11-04,
2023-11-05,
2023-11-06,28.399
2023-11-07,28.4395
2023-11-08,28.4865
2023-11-09,28.528
2023-11-10,28.5272
2023-11-11,
2023-11-12,
2023-11-13,28.537
2023-11-14,28.5934
2023-11-15,28.6341
2023-11-16,28.6679
2023-11-17,28.7045
2023-11-18,
2023-11-19,
2023-11-20,28.7109
2023-11-21,28.7568
2023-11-22,28.7992
2023-11-23,28.8136
2023-11-24,28.8304
2023-11-25,
2023-11-26,
2023-11-27,28.8607
2023-11-28,28.9104
2023-11-29,28.9289
2023-11-30,28.9116
2023-12-01,28.8728
2023-12-02,
2023-12-03,
2023-12-04,28.9073
2023-12-05,28.9035
2023-12-06,28.9225
2023-12-07,28.9313
2023-12-08,28.926
2023-12-09,
2023-12-10,
2023-12-11,28.9495
2023-12-12,28.9917
2023-12-13,29.0295
2023-12-14,29.0579
2023-12-15,29.0328
2023-12-16,
2023-12-17,
2023-12-18,29.0369
2023-12-19,29.0576
2023-12-20,29.0822
2023-12-21,29.1201
2023-12-22,29.1422
2023-12-23,
2023-12-24,
2023-12-25,29.1869
2023-12-26,29.2634
2023-12-27,29.3174
2023-12-28,29.3903
2023-12-29,29.4502
2023-12-30,
2023-12-31,
2024-01-01,
2024-01-02,29.4913
2024-01-03,29.7209
2024-01-04,29.793
2024-01-05,29.7988
2024-01-06,
2024-01-07,
2024-01-08,29.825
2024-01-09,29.8879
2024-01-10,29.9361
2024-01-11,29.9675
2024-01-12,30.0121
2024-01-13,
2024-01-14,
2024-01-15,30.0704
2024-01-16,30.099
2024-01-17,30.1011
2024-01-18,30.1263
2024-01-19,30.1389
2024-01-20,
2024-01-21,
2024-01-22,30.1761
2024-01-23,30.235
2024-01-24,30.273
2024-01-25,30.269
2024-01-26,30.273
2024-01-27,
2024-01-28,
2024-01-29,30.2888
2024-01-30,30.3394
2024-01-31,30.3599
2024-02-01,30.3497
2024-02-02,30.3609
2024-02-03,
2024-02-04,
2024-02-05,30.4282
2024-02-06,30.532
2024-02-07,30.5626
2024-02-08,30.5899
2024-02-09,30.5907
2024-02-10,
2024-02-11,
2024-02-12,30.6556
2024-02-13,30.687
2024-02-14,30.7242
2024-02-15,30.7387
2024-02-16,30.7521
2024-02-17,
2024-02-18,
2024-02-19,30.7774
2024-02-20,30.8595
2024-02-21,30.8944
2024-02-22,30.9652
2024-02-23,31.014
2024-02-24,
2024-02-25,
2024-02-26,31.0605
2024-02-27,31.1
2024-02-28,31.1297
2024-02-29,31.1761
2024-03-01,31.2159
2024-03-02,
2024-03-03,
2024-03-04,31.2955
2024-03-05,31.4635
2024-03-06,31.6025
2024-03-07,31.7182
2024-03-08,31.8341
2024-03-09,
2024-03-10,
2024-03-11,31.9192
2024-03-12,31.9953
2024-03-13,32.0432
2024-03-14,32.0967
2024-03-15,32.1207
2024-03-16,
2024-03-17,
2024-03-18,32.1793
2024-03-19,32.3029
2024-03-20,32.3372
2024-03-21,32.3876
2024-03-22,32.3688
2024-03-23,
2024-03-24,
2024-03-25,32.0251
2024-03-26,32.117
2024-03-27,32.1583
2024-03-28,32.2229
2024-03-29,32.3177
2024-03-30,
2024-03-31,
2024-04-01,32.3436
2024-04-02,32.4151
2024-04-03,32.1881
2024-04-04,31.9968
2024-04-05,31.897
2024-04-06,
2024-04-07,
2024-04-08,31.9784
2024-04-09,32.0636
2024-04-10,
2024-04-11,
2024-04-12,
2024-04-13,
2024-04-14,
2024-04-15,32.0636
2024-04-16,32.3854
2024-04-17,32.4632
2024-04-18,32.5211
2024-04-19,32.5136
2024-04-20,
2024-04-21,
2024-04-22,32.5682
2024-04-23,
2024-04-24,32.5586
2024-04-25,32.5327
2024-04-26,32.5332
2024-04-27,
2024-04-28,
2024-04-29,32.5111
2024-04-30,32.3971
2024-05-01,
2024-05-02,32.3673
2024-05-03,32.3781
2024-05-04,
2024-05-05,
2024-05-06,32.3053
2024-05-07,32.2822
2024-05-08,32.2653
2024-05-09,32.265
2024-05-10,32.235
2024-05-11,
2024-05-12,
2024-05-13,32.2113
2024-05-14,32.2075
2024-05-15,32.2526
2024-05-16,32.2877
2024-05-17,32.2152
2024-05-18,
2024-05-19,
2024-05-20,32.252
2024-05-21,32.2139
2024-05-22,32.2135
2024-05-23,32.1788
2024-05-24,32.2
2024-05-25,
2024-05-26,
2024-05-27,32.2031
2024-05-28,32.189
2024-05-29,32.1782
2024-05-30,32.2454
2024-05-31,32.307
2024-06-01,
2024-06-02,
2024-06-03,32.1918
2024-06-04,32.2114
2024-06-05,32.3269
2024-06-06,32.5131
2024-06-07,32.2354
2024-06-08,
2024-06-09,
2024-06-10,32.2503
2024-06-11,32.4282
2024-06-12,32.3709
2024-06-13,32.3655
2024-06-14,32.2894
2024-06-15,
2024-06-16,
2024-06-17,
2024-06-18,
2024-06-19,
2024-06-20,32.5164
2024-06-21,32.6298
2024-06-22,
2024-06-23,
2024-06-24,32.84
2024-06-25,32.8669
2024-06-26,32.9608
2024-06-27,32.9633
2024-06-28,32.9009
2024-06-29,
2024-06-30,
2024-07-01,32.8853
2024-07-02,32.6795
2024-07-03,32.6878
2024-07-04,32.5514
2024-07-05,32.5597
2024-07-06,
2024-07-07,
2024-07-08,32.6889
2024-07-09,32.6989
2024-07-10,32.7952
2024-07-11,32.9441
2024-07-12,32.9065
2024-07-13,
2024-07-14,
2024-07-15,
2024-07-16,32.9662
2024-07-17,33.0818
2024-07-18,33.0975
2024-07-19,33.0985
2024-07-20,
2024-07-21,
2024-07-22,33.0637
2024-07-23,33.0035
2024-07-24,32.9398
2024-07-25,32.8698
2024-07-26,33.0427
2024-07-27,
2024-07-28,
2024-07-29,33.018
2024-07-30,33.0102
2024-07-31,33.0899
2024-08-01,33.1431
2024-08-02,33.1378
2024-08-03,
2024-08-04,
2024-08-05,33.1359
2024-08-06,33.3172
2024-08-07,33.4586
2024-08-08,33.5568
2024-08-09,33.5073
2024-08-10,
2024-08-11,
2024-08-12,33.5199
2024-08-13,33.5447
2024-08-14,33.5532
2024-08-15,33.5449
2024-08-16,33.635
2024-08-17,
2024-08-18,
2024-08-19,33.6713
2024-08-20,33.713
2024-08-21,33.809
2024-08-22,33.9075
2024-08-23,33.9116
2024-08-24,
2024-08-25,
2024-08-26,33.9473
2024-08-27,33.9894
2024-08-28,34.0189
2024-08-29,34.0238
2024-08-30,
2024-08-31,
2024-09-01,
2024-09-02,33.9844
2024-09-03,33.9807
2024-09-04,33.9481
2024-09-05,34.0337
2024-09-06,33.9702
2024-09-07,
2024-09-08,
2024-09-09,33.9547
2024-09-10,34.0288
2024-09-11,34.0516
2024-09-12,34.001
2024-09-13,33.9594
2024-09-14,
2024-09-15,
2024-09-16,33.8768
2024-09-17,33.9506
2024-09-18,34.0293
2024-09-19,34.0896
2024-09-20,34.0379
2024-09-21,
2024-09-22,
2024-09-23,34.0142
2024-09-24,34.1241
2024-09-25,34.1429
2024-09-26,34.1508
2024-09-27,34.1596
2024-09-28,
2024-09-29,
2024-09-30,34.1514
2024-10-01,34.1825
2024-10-02,34.1862
2024-10-03,34.2154
2024-10-04,34.1741
2024-10-05,
2024-10-06,
2024-10-07,34.2013
2024-10-08,34.2497
2024-10-09,34.272
2024-10-10,34.2567
2024-10-11,34.2137
2024-10-12,
2024-10-13,
2024-10-14,34.2241
2024-10-15,34.265
2024-10-16,34.2634
2024-10-17,34.2248
2024-10-18,34.1769
2024-10-19,
2024-10-20,
2024-10-21,34.2401
2024-10-22,34.2404
2024-10-23,34.2437
2024-10-24,34.2627
2024-10-25,34.2518
2024-10-26,
2024-10-27,
2024-10-28,34.2506
2024-10-29,
2024-10-30,34.2506
2024-10-31,34.2711
2024-11-01,34.2403
2024-11-02,
2024-11-03,
2024-11-04,34.2852
2024-11-05,34.3374
2024-11-06,34.3438
2024-11-07,34.2456
2024-11-08,34.238
2024-11-09,
2024-11-10,
2024-11-11,34.3232
2024-11-12,34.3487
2024-11-13,34.3746
2024-11-14,34.3736
2024-11-15,34.3614
2024-11-16,
2024-11-17,
2024-11-18,34.3951
2024-11-19,34.4941
2024-11-20,34.5784
2024-11-21,34.4992
2024-11-22,34.5115
2024-11-23,
2024-11-24,
2024-11-25,34.5263
2024-11-26,34.5806
2024-11-27,34.6349
2024-11-28,34.6351
2024-11-29,34.632
2024-11-30,
2024-12-01,
2024-12-02,34.6417
2024-12-03,34.7056
2024-12-04,34.7391
2024-12-05,34.7498
2024-12-06,34.7377
2024-12-07,
2024-12-08,
2024-12-09,34.7633
2024-12-10,34.8125
2024-12-11,34.8424
2024-12-12,34.8655
2024-12-13,34.8804
2024-12-14,
2024-12-15,
2024-12-16,34.9249
2024-12-17,34.9613
2024-12-18,34.9849
2024-12-19,35.0159
2024-12-20,35.0698
2024-12-21,
2024-12-22,
2024-12-23,35.1251
2024-12-24,35.1697
2024-12-25,35.2447
2024-12-26,35.2796
2024-12-27,35.2667
2024-12-28,
2024-12-29,
2024-12-30,35.2001
2024-12-31,35.2868
2025-01-01,
2025-01-02,35.3438
2025-01-03,35.316
2025-01-04,
2025-01-05,
2025-01-06,35.3346
2025-01-07,35.3528
2025-01-08,35.34
2025-01-09,35.3815
2025-01-10,35.3556
2025-01-11,
2025-01-12,
2025-01-13,35.3992
2025-01-14,35.4835
2025-01-15,35.4931
2025-01-16,35.4932
2025-01-17,35.4617
2025-01-18,
2025-01-19,
2025-01-20,35.4757
2025-01-21,35.5823
2025-01-22,35.6156
2025-01-23,35.6456
2025-01-24,35.6556
2025-01-25,
2025-01-26,
2025-01-27,35.6635
2025-01-28,35.7244
2025-01-29,35.7622
2025-01-30,35.771
2025-01-31,35.7854
2025-02-01,
2025-02-02,
2025-02-03,35.8274
2025-02-04,35.9669
2025-02-05,35.9811
2025-02-06,35.9329
2025-02-07,35.8978
2025-02-08,
2025-02-09,
2025-02-10,35.9702
2025-02-11,36.0099
2025-02-12,36.0241
2025-02-13,36.0922
2025-02-14,36.1098
2025-02-15,
2025-02-16,
2025-02-17,36.1711
2025-02-18,36.2174
2025-02-19,36.2616
2025-02-20,36.292
2025-02-21,36.3125
2025-02-22,
2025-02-23,
2025-02-24,36.3714
2025-02-25,36.4218
2025-02-26,36.453
2025-02-27,36.4372
2025-02-28,36.4307
2025-03-01,
2025-03-02,
2025-03-03,36.4467
2025-03-04,36.4753
2025-03-05,36.4667
2025-03-06,36.4337
2025-03-07,36.4404
2025-03-08,
2025-03-09,
2025-03-10,36.3808
2025-03-11,36.5215
2025-03-12,36.5746
2025-03-13,36.6059
2025-03-14,36.6046
2025-03-15,
2025-03-16,
2025-03-17,36.6008
2025-03-18,36.6799
2025-03-19,36.6582
2025-03-20,38.0523
2025-03-21,37.9833
2025-03-22,
2025-03-23,
2025-03-24,37.9184
2025-03-25,37.9283
2025-03-26,37.9769
2025-03-27,37.997
2025-03-28,38.0007
2025-03-29,
2025-03-30,
2025-03-31,
2025-04-01,
2025-04-02,37.8337
2025-04-03,37.9241
2025-04-04,37.9319
2025-04-05,
2025-04-06,
2025-04-07,37.9147
2025-04-08,38.0014
2025-04-09,37.9984
2025-04-10,38.001
2025-04-11,37.9329
2025-04-12,
2025-04-13,
2025-04-14,37.9756
2025-04-15,38.0333
2025-04-16,38.075
2025-04-17,38.1158
2025-04-18,38.1297
2025-04-19,
2025-04-20,
2025-04-21,38.0716
2025-04-22,38.1826
2025-04-23,
2025-04-24,38.2001
2025-04-25,38.2977
2025-04-26,
2025-04-27,
2025-04-28,38.3144
2025-04-29,38.4356
2025-04-30,38.4363
2025-05-01,
